[
    {
        "title"           :     "4oD (UK)",
        "bundle"          :     "4oD.bundle",
        "type"            :     ["Video"],
        "description"     :     "4oD allows you to watch a wide range of content recently shown on Channel 4, E4 and More4. Programmes are available for 30 days after their original broadcast date, although some remain available for longer so you can catch up on the whole series. A large variety of shows can be viewed, including original dramas, soaps, documentaries, comedies and shows imported from the US. Some of the most popular content includes Shameless, Grand Designs, Skins, Smallville and Hollyoaks. 4oD is only available to UK residents.",
        "repo"            :     "git@github.com:meriko/4oD.bundle.git",
        "branch"          :     "master",
        "identifier"      :     "com.plexapp.plugins.4oDmobile",
        "icon"            :     "4oD-icon.png",
        "hidden"          :     "True",
        "date added"      :     "April 17, 2014",
        "tracking url"    :     "http://bit.ly/1nhVNVt"
    },
    {
        "title"           :     "4tube",
        "bundle"          :     "4tube.bundle",
        "type"            :     ["Video", "Adult"],
        "description"     :     "Watch xxx videos from 4tube.com",
        "repo"            :     "git@github.com:piplongrun/4tube.bundle.git",
        "branch"          :     "master",
        "identifier"      :     "com.plexapp.plugins.4tube",
        "icon"            :     "4tube-icon.png",
        "hidden"          :     "False",
        "date added"      :     "April 17, 2011",
        "tracking url"    :     "http://bit.ly/Yq1TFe"
    },
    {
        "title"           :     "AniDB.net Metadata Agent",
        "bundle"          :     "AniDB.bundle",
        "type"            :     ["Metadata Agent"],
        "description"     :     "Metadata agent for anime movies and tv-shows",
        "repo"            :     "git@github.com:bstard/AniDB.bundle.git",
        "branch"          :     "master",
        "identifier"      :     "com.plexapp.agents.anidb",
        "icon"            :     "anidb-icon.png",
        "hidden"          :     "False",
        "date added"      :     "February 19, 2012",
        "tracking url"    :     "http://bit.ly/Ua3xLR"
    },
    {
        "title"           :     "AnimeHD",
        "bundle"          :     "AnimeHD.bundle",
        "type"            :     ["Video"],
        "description"     :     "Watch subbed anime in HD and SD (provided by www.masterani.me)",
        "repo"            :     "git@github.com:NexPB/AnimeHD.bundle.git",
        "branch"          :     "master",
        "identifier"      :     "com.plexapp.plugins.animehd",
        "icon"            :     "animehd-icon.png",
        "hidden"          :     "False",
        "date added"      :     "July 20, 2014",
        "tracking url"    :     "http://bit.ly/1mxiTCe"
    },
    {
        "title"           :     "AnimePlus.tv",
        "bundle"          :     "AnimePlus.bundle",
        "type"            :     ["Video"],
        "description"     :     "Watch anime shows and movies from AnimePlus.tv",
        "repo"            :     "git@github.com:TehCrucible/AnimePlus.bundle.git",
        "branch"          :     "master",
        "identifier"      :     "com.plexapp.plugins.animeplus",
        "icon"            :     "animeplus-icon.png",
        "hidden"          :     "True",
        "date added"      :     "January 10, 2014",
        "tracking url"    :     "http://bit.ly/1iZEGWr"
    },
    {
        "title"           :     "AnimeToon.tv",
        "bundle"          :     "AnimeToon.bundle",
        "type"            :     ["Video"],
        "description"     :     "Watch cartoons and English dubbed anime from AnimeToon.tv",
        "repo"            :     "git@github.com:TehCrucible/AnimeToon.bundle.git",
        "branch"          :     "master",
        "identifier"      :     "com.plexapp.plugins.animetoon",
        "icon"            :     "animetoon-icon.png",
        "hidden"          :     "True",
        "date added"      :     "March 11, 2014",
        "tracking url"    :     "http://bit.ly/1cKA0lz"
    },
    {
        "title"           :     "ATV MediaThek(AT)",
        "bundle"          :     "ATVMediaThek.bundle",
        "type"            :     ["Video"],
        "description"     :     "ATV.at - Alle Sendungen online ansehen. Jederzeit und kostenlos! Aktuelle News, Reportagen, Bauer sucht Frau, Saturday Night Fever, Teenager werden Mütter und vieles mehr.",
        "repo"            :     "git@github.com:meriko/ATVMediaThek.bundle.git",
        "branch"          :     "master",
        "identifier"      :     "com.plexapp.plugins.atv",
        "icon"            :     "atvmediathek-icon.png",
        "hidden"          :     "False",
        "date added"      :     "June 1, 2014",
        "tracking url"    :     "http://bit.ly/1iIq7T0"
    },
    {
        "title"           :     "Bay FM 99.9FM",
        "bundle"          :     "BayFM999.bundle",
        "type"            :     ["Music"],
        "description"     :     "Plex plugin for Bay FM 99.9 Byron Bay, Australia",
        "repo"            :     "git@github.com:jab-au/BayFM999.bundle.git",
        "branch"          :     "master",
        "identifier"      :     "com.plexapp.plugins.BayFM999",
        "icon"            :     "bayfm999-icon.jpg",
        "hidden"          :     "False",
        "date added"      :     "October 25, 2013",
        "tracking url"    :     "http://bit.ly/1eVKuvA"
    },
    {
        "title"           :     "beeg.com",
        "bundle"          :     "beeg.bundle",
        "type"            :     ["Video", "Adult"],
        "description"     :     "Watch xxx videos from beeg.com",
        "repo"            :     "git@github.com:piplongrun/beeg.bundle.git",
        "branch"          :     "master",
        "identifier"      :     "com.plexapp.plugins.beeg",
        "icon"            :     "beeg-icon.png",
        "hidden"          :     "False",
        "date added"      :     "April 22, 2011",
        "tracking url"    :     "http://bit.ly/RzwyNZ"
    },
    {
        "title"           :     "Big 12 Sports",
        "bundle"          :     "Big12Sports.bundle",
        "type"            :     ["Video"],
        "description"     :     "Highlights and Replays from big12sports.com",
        "repo"            :     "git@github.com:datvance/Big12Sports.bundle.git",
        "branch"          :     "master",
        "identifier"      :     "com.plexapp.plugins.big12sports",
        "icon"            :     "big12sports-icon.png",
        "hidden"          :     "False",
        "date added"      :     "February 3, 2014",
        "tracking url"    :     "http://bit.ly/1eFWqEL"
    },
    {
        "title"           :     "BitTorrent",
        "bundle"          :     "BitTorrent.bundle",
        "type"            :     ["Video"],
        "description"     :     "Watch videos directly from BitTorrent",
        "repo"            :     "git@github.com:sharkone/BitTorrent.bundle.git",
        "branch"          :     "master",
        "identifier"      :     "com.plexapp.plugins.bittorrent",
        "icon"            :     "bittorrent-icon.png",
        "hidden"          :     "False",
        "date added"      :     "March 15, 2014",
        "tracking url"    :     "http://bit.ly/1qGQ7Vg"
    },
    {
        "title"           :     "BringThePopcorn",
        "bundle"          :     "BringThePopcorn.bundle",
        "type"            :     ["Video"],
        "description"     :     "Watch Movies from www.bringthepopcorn.net",
        "repo"            :     "git@github.com:MaZZly/BringThePopcorn.bundle.git",
        "branch"          :     "master",
        "identifier"      :     "com.plexapp.plugins.bringthepopcorn",
        "icon"            :     "bringthepopcorn-icon.png",
        "hidden"          :     "False",
        "date added"      :     "December 18, 2013",
        "tracking url"    :     "http://bit.ly/1dRo0ut"
    },
    {
        "title"           :     "Channel7 (AU)",
        "bundle"          :     "Channel7.bundle",
        "type"            :     ["Video"],
        "description"     :     "View Australian TV Prime 7 on demand ",
        "repo"            :     "https://github.com/adamrumbold/Channel7.bundle.git",
        "branch"          :     "master",
        "identifier"      :     "com.plexapp.plugins.channel7",
        "icon"            :     "seven.png",
        "hidden"          :     "False",
        "date added"      :     "May 5, 2013",
        "tracking url"    :     "http://bit.ly/13WVxPd"
    },
    {
        "title"           :     "Channel9 (AU)",
        "bundle"          :     "Channel9.bundle",
        "type"            :     ["Video"],
        "description"     :     "View Australian TV Channel 9 on demand ",
        "repo"            :     "https://github.com/adamrumbold/Channel9.bundle.git",
        "branch"          :     "master",
        "identifier"      :     "com.plexapp.plugins.channel9",
        "icon"            :     "nine.png",
        "hidden"          :     "False",
        "date added"      :     "May 5, 2013",
        "tracking url"    :     "http://bit.ly/16ajXZT"
    },
    {
        "title"           :     "Channel10 (AU)",
        "bundle"          :     "Channel10.bundle",
        "type"            :     ["Video"],
        "description"     :     "View Australian TV Channel 10 on demand ",
        "repo"            :     "https://github.com/adamrumbold/Channel10.bundle.git",
        "branch"          :     "master",
        "identifier"      :     "com.plexapp.plugins.channel10",
        "icon"            :     "ten.png",
        "hidden"          :     "False",
        "date added"      :     "May 5, 2013",
        "tracking url"    :     "http://bit.ly/YxSYFa"
    },
    {
        "title"           :     "Christian Science",
        "bundle"          :     "ChristianScience.bundle",
        "type"            :     ["Video"],
        "description"     :     "Lectures, church services and other media about Christian Science",
        "repo"            :     "git@github.com:datvance/ChristianScience.bundle.git",
        "branch"          :     "master",
        "identifier"      :     "com.plexapp.plugins.christianscience",
        "icon"            :     "christianscience-icon.png",
        "hidden"          :     "False",
        "date added"      :     "February 3, 2014",
        "tracking url"    :     "http://bit.ly/1lQMPim"
    },
    {
        "title"           :     "ClickPlay",
        "bundle"          :     "ClickPlay.bundle",
        "type"            :     ["Video"],
        "description"     :     "Watch TV series from clickplay.to",
        "repo"            :     "git@github.com:piplongrun/ClickPlay.bundle.git",
        "branch"          :     "master",
        "identifier"      :     "com.plexapp.plugins.clickplay",
        "icon"            :     "clickplay-icon.jpg",
        "hidden"          :     "False",
        "date added"      :     "February 20, 2014",
        "tracking url"    :     "http://bit.ly/1cbMQDP"
    },
    {
        "title"           :     "CMT Shows",
        "bundle"          :     "CMT.bundle",
        "type"            :     ["Video"],
        "description"     :     "Watch shows from www.cmt.com",
        "repo"            :     "git@github.com:shopgirl284/CMT.bundle.git",
        "branch"          :     "master",
        "identifier"      :     "com.plexapp.plugins.cmt",
        "icon"            :     "cmt-icon.png",
        "hidden"          :     "False",
        "date added"      :     "November 04, 2013",
        "tracking url"    :     "http://bit.ly/1hNRuPT"
    },
    {
        "title"           :     "CouchPotato",
        "bundle"          :     "CouchPotato.bundle",
        "type"            :     ["Application", "Video"],
        "description"     :     "View, edit and add to your CouchPotato wanted list.",
        "repo"            :     "git@github.com:mikedm139/CouchPotato.bundle.git",
        "branch"          :     "master",
        "identifier"      :     "com.plexapp.plugins.couchpotato",
        "icon"            :     "couchpotato-icon.png",
        "hidden"          :     "False",
        "date added"      :     "April 9, 2011",
        "tracking url"    :     "http://bit.ly/TsnkiY"
    },
    {
        "title"           :     "Crunchyroll",
        "bundle"          :     "Crunchyroll.bundle",
        "type"            :     ["Video"],
        "description"     :     "Watch over 20,000 episodes of popular Anime & Drama 1-Hour after TV broadcast from the website Crunchyroll.com.",
        "repo"            :     "git@github.com:MattRK/Crunchyroll.bundle.git",
        "branch"          :     "master",
        "identifier"      :     "com.plexapp.plugins.crunchyroll",
        "icon"            :     "crunchyroll.png",
        "hidden"          :     "False",
        "date added"      :     "September 14, 2013",
        "tracking url"    :     "http://bit.ly/14UJOAj"
    },
    {
        "title"           :     "Dabdate",
        "bundle"          :     "Dabdate.bundle",
        "type"            :     ["Video"],
        "description"     :     "Watch Korean TV shows from dabdate.com",
        "repo"            :     "git@github.com:hojel/Dabdate.bundle.git",
        "branch"          :     "master",
        "identifier"      :     "com.plexapp.plugins.dabdate",
        "icon"            :     "dabdate-icon.png",
        "hidden"          :     "False",
        "date added"      :     "May 23, 2014",
        "tracking url"    :     "http://bit.ly/1kuBn4R"
    },
    {
        "title"           :     "Data18 Metadata Agent",
        "bundle"          :     "Data18.bundle",
        "type"            :     ["Metadata Agent", "Adult"],
        "description"     :     "Metadata agent for adult films from Data18.com",
        "repo"            :     "git@github.com:chidychi/Data18.bundle.git",
        "branch"          :     "master",
        "identifier"      :     "com.plexapp.agents.data18",
        "icon"            :     "data18-icon.png",
        "hidden"          :     "False",
        "date added"      :     "June 24, 2013",
        "tracking url"    :     "http://bit.ly/126u7U3"
    },
    {
        "title"           :     "Data18-Content Metadata Agent",
        "bundle"          :     "Data18-Content.bundle",
        "type"            :     ["Metadata Agent", "Adult"],
        "description"     :     "Metadata agent for adult Content from Data18.com",
        "repo"            :     "git@github.com:chidychi/Data18-Content.bundle.git",
        "branch"          :     "master",
        "identifier"      :     "com.plexapp.agents.data18-content",
        "icon"            :     "data18-content-icon.png",
        "hidden"          :     "False",
        "date added"      :     "June 24, 2013",
        "tracking url"    :     "http://bit.ly/1czMc2G"
    },
    {
        "title"           :     "Devour",
        "bundle"          :     "Devour.bundle",
        "type"            :     ["Video"],
        "description"     :     "Videos worth watching from Devour.com",
        "repo"            :     "git@github.com:mmccurdy07/Devour.bundle.git",
        "branch"          :     "master",
        "identifier"      :     "com.plexapp.plugins.devour",
        "icon"            :     "icon-devour.png",
        "hidden"          :     "True",
        "reason_hidden"   :     "available in Channel Directory",
        "date added"      :     "May 18, 2012",
        "tracking url"    :     ""
    },
    {
        "title"           :     "Discovery Networks",
        "bundle"          :     "Discovery.bundle",
        "type"            :     ["Video"],
        "description"     :     "Watch clips from various Discovery Channels",
        "repo"            :     "git@github.com:meriko/Discovery.bundle.git",
        "branch"          :     "master",
        "identifier"      :     "com.plexapp.plugins.discovery",
        "icon"            :     "icon-discovery.png",
        "hidden"          :     "False",
        "date added"      :     "Sep 14, 2013",
        "tracking url"    :     "http://bit.ly/1412CAz"
    },
    {
        "title"           :     "Dropbox",
        "bundle"          :     "Dropbox.bundle",
        "type"            :     ["Video"],
        "description"     :     "Browse your Dropbox content direclty from any Plex device.",
        "repo"            :     "git@github.com:realriot/Dropbox.bundle.git",
        "branch"          :     "master",
        "identifier"      :     "com.plexapp.plugins.dropbox",
        "icon"            :     "dropbox-icon.png",
        "hidden"          :     "False",
        "date added"      :     "February 28, 2014",
        "tracking url"    :     "http://bit.ly/1k0mYjX"
    },
    {
        "title"           :     "eporner",
        "bundle"          :     "eporner.bundle",
        "type"            :     ["Video", "Adult"],
        "description"     :     "Watch XXX-Videos from EPORNER.COM",
        "repo"            :     "git@github.com:flownex/eporner.bundle.git",
        "branch"          :     "master",
        "identifier"      :     "com.plexapp.plugins.eporner",
        "icon"            :     "eporner-icon.png",
        "hidden"          :     "False",
        "date added"      :     "September 7, 2011",
        "tracking url"    :     "http://bit.ly/TsniaA"
    },
    {
        "title"           :     "ExcaliburFilms Metadata Agent",
        "bundle"          :     "ExcaliburFilms.bundle",
        "type"            :     ["Metadata Agent", "Adult"],
        "description"     :     "Metadata agent for adult films from ExcaliburFilms.com",
        "repo"            :     "git@github.com:vofik/ExcaliburFilms.bundle.git",
        "branch"          :     "master",
        "identifier"      :     "com.plexapp.agents.excaliburfilms",
        "icon"            :     "excaliburfilms-icon.png",
        "hidden"          :     "False",
        "date added"      :     "January 1, 2012",
        "tracking url"    :     "http://bit.ly/Tsnkzs"
    },
    {
        "title"           :     "Facebook",
        "bundle"          :     "Facebook.bundle",
        "type"            :     ["Pictures", "Social"],
        "description"     :     "View newsfeed and photos from Facebook",
        "repo"            :     "git@github.com:DCstewieG/Facebook.bundle.git",
        "branch"          :     "master",
        "identifier"      :     "com.plexapp.plugins.facebook",
        "icon"            :     "facebook-icon.png",
        "hidden"          :     "False",
        "date added"      :     "April 19, 2011",
        "tracking url"    :     "http://bit.ly/Vqol1E"
    },
    {
        "title"           :     "FilmOn",
        "bundle"          :     "FilmOn.bundle",
        "type"            :     ["Video"],
        "description"     :     "Watch over 600 Free Live TV Channels",
        "repo"            :     "git@github.com:meriko/FilmOn.bundle.git",
        "branch"          :     "master",
        "identifier"      :     "com.plexapp.plugins.filmon",
        "icon"            :     "filmon-icon.png",
        "hidden"          :     "False",
        "date added"      :     "March 08, 2014",
        "tracking url"    :     "http://bit.ly/1h1rBrl"
    },
    {
        "title"           :     "FindUnmatched",
        "bundle"          :     "Plex-FindUnmatched.bundle",
        "type"            :     ["Application"],
        "description"     :     "Scan your medias, and report medias missing from the database.",
        "repo"            :     "git@github.com:ukdtom/Plex-FindUnmatched.bundle.git",
        "branch"          :     "master",
        "identifier"      :     "com.plexapp.plugins.findUnmatch",
        "icon"            :     "icon-FindUnmatched.png",
        "hidden"          :     "False",
        "date added"      :     "December 9, 2013",
        "tracking url"    :     "http://bit.ly/1jX0CAs"
    },
    {
        "title"           :     "FindMissing",
        "bundle"          :     "FindMissing.bundle",
        "type"            :     ["Application"],
        "description"     :     "List any files that are missing.",
        "repo"            :     "git@github.com:srazer/FindMissing.bundle.git",
        "branch"          :     "master",
        "identifier"      :     "com.plexapp.plugins.findMissing",
        "icon"            :     "icon-FindMissing.png",
        "hidden"          :     "False",
        "date added"      :     "March 23, 2014",
        "tracking url"    :     "http://bit.ly/1gfgzBx"
    },
    {
        "title"           :     "Full Movies on Reddit",
        "bundle"          :     "FullMoviesOnReddit.bundle",
        "type"            :     ["Video"],
        "description"     :     "Watch full movies found on /r/fullmoviesonyoutube",
        "repo"            :     "git@github.com:jwdempsey/FullMoviesOnReddit.bundle.git",
        "branch"          :     "master",
        "identifier"      :     "com.plexapp.plugins.fullmoviesonreddit",
        "icon"            :     "fullmoviesonreddit-icon.png",
        "hidden"          :     "False",
        "date added"      :     "November 26, 2013",
        "tracking url"    :     "http://bit.ly/Ihs2T5"
    },
    {
        "title"           :     "G2G.fm",
        "bundle"          :     "G2Gfm.bundle",
        "type"            :     ["Video"],
        "description"     :     "Watch latest release movies and tv series in HD!",
        "repo"            :     "git@github.com:TehCrucible/G2Gfm.bundle.git",
        "branch"          :     "master",
        "identifier"      :     "com.plexapp.plugins.g2gfm",
        "icon"            :     "g2gfm-icon.png",
        "hidden"          :     "False",
        "date added"      :     "June 12, 2014",
        "tracking url"    :     "http://bit.ly/UBPP6T"
    },
    {
        "title"           :     "Game One",
        "bundle"          :     "GameOne.bundle",
        "type"            :     ["Video"],
        "description"     :     "Stream Videos, Podcasts and TV Episodes from gameone.de",
        "repo"            :     "git@github.com:derrod/GameOne.bundle.git",
        "branch"          :     "master",
        "identifier"      :     "com.plexapp.plugins.gameone",
        "icon"            :     "gameone-icon.png",
        "hidden"          :     "False",
        "date added"      :     "August 14, 2014",
        "tracking url"    :     "http://bit.ly/1uFt00X"
    },
    {
        "title"           :     "Google Music",
        "bundle"          :     "GoogleMusic.bundle",
        "type"            :     ["Music"],
        "description"     :     "Stream music from Google Music",
        "repo"            :     "git@github.com:jwdempsey/GoogleMusic.bundle.git",
        "branch"          :     "master",
        "identifier"      :     "com.plexapp.plugins.googlemusic",
        "icon"            :     "googlemusic-icon.png",
        "hidden"          :     "False",
        "date added"      :     "May 31, 2014",
        "tracking url"    :     "http://bit.ly/1kXldpj"
    },
    {
        "title"           :     "Grooveshark",
        "bundle"          :     "Grooveshark.bundle",
        "type"            :     ["Music"],
        "description"     :     "Stream music from Grooveshark.com",
        "repo"            :     "git@github.com:jwdempsey/Grooveshark.bundle.git",
        "branch"          :     "master",
        "identifier"      :     "com.plexapp.plugins.grooveshark",
        "icon"            :     "grooveshark-icon.png",
        "hidden"          :     "False",
        "date added"      :     "May 15, 2014",
        "tracking url"    :     "http://bit.ly/1gSVzgy"
    },
    {
        "title"           :     "HDBits Subtitles",
        "bundle"          :     "HdbitsSubtitles.bundle",
        "type"            :     ["Metadata Agent", "Subtitles"],
        "description"     :     "Downloads subtitles automatically from HDBits.org (Private torrent tracker)",
        "repo"            :     "git@github.com:Coi-l/HdbitsSubtitles.bundle.git",
        "identifier"      :     "com.plexapp.agents.hdbits",
        "branch"          :     "master",
        "icon"            :     "hdbits-icon.png",
        "hidden"          :     "False",
        "date added"      :     "June 21, 2011",
        "tracking url"    :     "http://bit.ly/R5pW8F"
    },
    {
        "title"           :     "Hitbox.tv",
        "bundle"          :     "Hitbox.tv.bundle",
        "prefix"          :     "",
        "type"            :     ["Video"],
        "description"     :     "Allows streaming of Hitbox.tv live streams",
        "repo"            :     "git@github.com:r15ch13/Hitbox.tv.bundle.git",
        "identifier"      :     "com.plexapp.plugins.hitboxtv",
        "branch"          :     "master",
        "icon"            :     "hitboxtv-icon.png",
        "hidden"          :     "False",
        "date added"      :     "July 25, 2014",
        "tracking url"    :     "http://bit.ly/XaOPrB"
    },
    {
        "title"           :     "IceFilms",
        "bundle"          :     "IceFilms.bundle",
        "type"            :     ["Video"],
        "description"     :     "Watch Movies and TV Shows from IceFilms.info",
        "repo"            :     "git@github.com:ReallyFuzzy/IceFilms.bundle.git",
        "branch"          :     "master",
        "identifier"      :     "com.plexapp.plugins.icefilms",
        "icon"            :     "icefilms-icon.png",
        "hidden"          :     "False",
        "date added"      :     "October 2, 2011",
        "tracking url"    :     "http://bit.ly/TrGvvg"
    },
    {
        "title"           :     "IMDb HD Trailers",
        "bundle"          :     "IMDb-Trailers.bundle",
        "type"            :     ["Video"],
        "description"     :     "Watch movie trailers from IMDb in HD",
        "repo"            :     "git@github.com:mikedm139/IMDb-Trailers.bundle.git",
        "branch"          :     "master",
        "identifier"      :     "com.plexapp.plugins.imdbtrailers",
        "icon"            :     "IMDb-Trailers-icon.png",
        "hidden"          :     "False",
        "date added"      :     "April 20, 2013",
        "tracking url"    :     "http://bit.ly/11vtl2P"
    },
    {
        "title"           :     "Internet Archive",
        "bundle"          :     "InternetArchive.bundle",
        "type"            :     ["Video"],
        "description"     :     "Watch and listen to free videos and music from the non-profit digital online library: Internet Archive",
        "repo"            :     "git@github.com:meriko/InternetArchive.bundle.git",
        "branch"          :     "master",
        "identifier"      :     "com.plexapp.plugins.internetarchive",
        "icon"            :     "internetarchive-icon.png",
        "hidden"          :     "False",
        "date added"      :     "March 08, 2014",
        "tracking url"    :     "http://bit.ly/1lgi6Hv"
    },
    {
        "title"           :     "IPTV",
        "bundle"          :     "IPTV.bundle",
        "type"            :     ["Video"],
        "description"     :     "Plugin to play network streams (a.k.a. IPTV) from a M3U playlist",
        "repo"            :     "git@github.com:Cigaras/IPTV.bundle.git",
        "branch"          :     "master",
        "identifier"      :     "com.plexapp.plugins.iptv",
        "icon"            :     "iptv-icon.png",
        "hidden"          :     "False",
        "date added"      :     "December 30, 2013",
        "tracking url"    :     "http://bit.ly/1cImRXU"
    },
    {
        "title"           :     "iSho.ws",
        "bundle"          :     "iSho-ws.bundle",
        "type"            :     ["Video"],
        "description"     :     "Watch TV series from iSho.ws",
        "repo"            :     "git@github.com:piplongrun/iSho-ws.bundle.git",
        "branch"          :     "master",
        "identifier"      :     "com.plexapp.plugins.ishows",
        "icon"            :     "isho-ws-icon.jpg",
        "hidden"          :     "False",
        "date added"      :     "February 20, 2014",
        "tracking url"    :     "http://bit.ly/1cbMWvc"
    },
    {
        "title"           :     "ITV Player (UK)",
        "bundle"          :     "ITV-Player.bundle",
        "type"            :     ["Video"],
        "description"     :     "ITV Player has your favourite shows ready to watch whenever you want them. Browse and search for shows from all ITV channels from the last 31 days.",
        "repo"            :     "git@github.com:ReallyFuzzy/ITV-Player.bundle.git",
        "branch"          :     "master",
        "identifier"      :     "com.plexapp.plugins.itvplayer",
        "icon"            :     "ITV-Player-icon.png",
        "hidden"          :     "False",
        "date added"      :     "August 1, 2013",
        "tracking url"    :     "http://bit.ly/1azBESj"
    },
    {
        "title"           :     "Kink.com Metadata Agent",
        "bundle"          :     "Kink.bundle",
        "type"            :     ["Metadata Agent", "Adult"],
        "description"     :     "Metadata agent for adult shoots from any Kink.com site",
        "repo"            :     "git@github.com:vofik/Kink.bundle.git",
        "branch"          :     "master",
        "identifier"      :     "com.plexapp.agents.kink",
        "icon"            :     "kink-icon.png",
        "hidden"          :     "False",
        "date added"      :     "January 1, 2012",
        "tracking url"    :     "http://bit.ly/VLFtdu"
    },
    {
        "title"           :     "Let Me Watch This",
        "bundle"          :     "LetMeWatchThis.bundle",
        "type"            :     ["Video"],
        "description"     :     "Watch Movies and TV Shows from 1Channel.ch (Let Me Watch This)",
        "repo"            :     "git@github.com:ReallyFuzzy/LetMeWatchThis.bundle.git",
        "branch"          :     "master",
        "identifier"      :     "com.plexapp.plugins.letmewatchthis",
        "icon"            :     "lmwt-icon.png",
        "hidden"          :     "False",
        "date added"      :     "January 22, 2012",
        "tracking url"    :     "http://bit.ly/SqvbPi"
    },
    {
        "title"           :     "Library Updater",
        "bundle"          :     "LibraryUpdater.bundle",
        "type"            :     ["Application"],
        "description"     :     "Update Plex library sections or entire library without leaving Plex interface",
        "repo"            :     "git@github.com:mikedm139/LibraryUpdater.bundle.git",
        "branch"          :     "master",
        "identifier"      :     "com.plexapp.plugins.libraryupdater",
        "icon"            :     "libupdate-icon.png",
        "hidden"          :     "False",
        "date added"      :     "April 9, 2011",
        "tracking url"    :     "http://bit.ly/1lFSWox"
    },
    {
        "title"           :     "Link TV",
        "bundle"          :     "LinkTV.bundle",
        "type"            :     ["Video"],
        "description"     :     "Link TV broadcasts programs that engage, educate and activate viewers to become involved in the world. These programs provide a unique perspective on international news, current events, and diverse cultures, presenting issues not often covered in the US media.",
        "repo"            :     "git@github.com:meriko/LinkTV.bundle.git",
        "branch"          :     "master",
        "identifier"      :     "com.plexapp.plugins.linktv",
        "icon"            :     "linktv-icon.png",
        "hidden"          :     "False",
        "date added"      :     "March 08, 2014",
        "tracking url"    :     "http://bit.ly/1fbFhSx"
    },
    {
        "title"           :     "LiveLeak",
        "bundle"          :     "LiveLeak.bundle",
        "type"            :     ["Video"],
        "description"     :     "Redefining the Media",
        "repo"            :     "git@github.com:meriko/LiveLeak.bundle.git",
        "branch"          :     "master",
        "identifier"      :     "com.plexapp.plugins.liveleak",
        "icon"            :     "liveleak-icon.png",
        "hidden"          :     "False",
        "date added"      :     "March 08, 2014",
        "tracking url"    :     "http://bit.ly/1h1qOX6"
    },
    {
        "title"           :     "Logo TV",
        "bundle"          :     "LogoTV.bundle",
        "type"            :     ["Video"],
        "description"     :     "Watch shows from www.logotv.com",
        "repo"            :     "git@github.com:shopgirl284/LogoTV.bundle.git",
        "branch"          :     "master",
        "identifier"      :     "com.plexapp.plugins.logotv",
        "icon"            :     "logotv-icon.png",
        "hidden"          :     "False",
        "date added"      :     "November 04, 2013",
        "tracking url"    :     "http://bit.ly/19tdh5o"
    },
    {
        "title"           :     "Mangafox",
        "bundle"          :     "Mangafox.bundle",
        "type"            :     ["Pictures"],
        "description"     :     "Comics from Mangafox",
        "repo"            :     "git@github.com:hojel/Mangafox.bundle.git",
        "branch"          :     "master",
        "identifier"      :     "com.plexapp.plugins.mangafox",
        "icon"            :     "mangafox-icon.png",
        "hidden"          :     "False",
        "date added"      :     "May 23, 2014",
        "tracking url"    :     "http://bit.ly/RQz3yi"
    },
    {
        "title"           :     "MediaPortal",
        "bundle"          :     "MediaPortal.bundle",
        "type"            :     ["Video"],
        "description"     :     "Watch Live TV from a MediaPortal server",
        "repo"            :     "git@github.com:jwdempsey/MediaPortal.bundle.git",
        "branch"          :     "master",
        "identifier"      :     "com.plexapp.plugins.mediaportal",
        "icon"            :     "mediaportal-icon.png",
        "hidden"          :     "False",
        "date added"      :     "November 26, 2013",
        "tracking url"    :     "http://bit.ly/196neq5"
    },
    {
        "title"           :     "Movie2k",
        "bundle"          :     "MOVIE2K.bundle",
        "type"            :     ["Video"],
        "description"     :     "Watch Movies and TV Show Series from Movie4k.to.",
        "repo"            :     "git@github.com:Joecowboy/MOVIE2K.bundle.git",
        "branch"          :     "master",
        "identifier"      :     "com.plexapp.plugins.movie2k",
        "icon"            :     "movie2k-icon.png",
        "hidden"          :     "False",
        "date added"      :     "August 4, 2013",
        "tracking url"    :     "http://bit.ly/13IkZGU"
    },
    {
        "title"           :     "MTV Shows",
        "bundle"          :     "MTVShows.bundle",
        "type"            :     ["Video"],
        "description"     :     "Watch shows from www.mtv.com",
        "repo"            :     "git@github.com:shopgirl284/MTVShows.bundle.git",
        "branch"          :     "master",
        "identifier"      :     "com.plexapp.plugins.mtvshows",
        "icon"            :     "mtvshows-icon.png",
        "hidden"          :     "False",
        "date added"      :     "November 04, 2013",
        "tracking url"    :     "http://bit.ly/I6PmCs"
    },
    {
        "title"           :     "Navi-X",
        "bundle"          :     "navix.bundle",
        "type"            :     ["Video"],
        "description"     :     "Watch user verified media from Navi-Xtreme",
        "repo"            :     "git@github.com:kriska/navix.bundle.git",
        "branch"          :     "master",
        "identifier"      :     "com.plexapp.plugins.navix",
        "icon"            :     "navix-icon.png",
        "hidden"          :     "True",
        "date added"      :     "March 08, 2013",
        "tracking url"    :     "http://bit.ly/12ZBKm3"
    },
    {
        "title"           :     "NBCSports",
        "bundle"          :     "NBCSports.bundle",
        "type"            :     ["Video"],
        "description"     :     "Video highlights from NBCSports.com",
        "repo"            :     "git@github.com:datvance/NBCSports.bundle.git",
        "branch"          :     "master",
        "identifier"      :     "com.plexapp.plugins.nbcsports",
        "icon"            :     "nbcsports-icon.jpg",
        "hidden"          :     "False",
        "date added"      :     "December 01, 2013",
        "tracking url"    :     "http://bit.ly/1bBXhoq"
    },
    {
        "title"           :     "NewsLook",
        "bundle"          :     "NewsLook.bundle",
        "type"            :     ["Video"],
        "description"     :     "Breaking Video News Online",
        "repo"            :     "git@github.com:meriko/NewsLook.bundle.git",
        "branch"          :     "master",
        "identifier"      :     "com.plexapp.plugins.newslook",
        "icon"            :     "newslook-icon.png",
        "hidden"          :     "True",
        "date added"      :     "March 08, 2014",
        "tracking url"    :     "http://bit.ly/1fbDEo8"
    },
    {
        "title"           :     "Newzworthy",
        "bundle"          :     "Newzworthy.bundle",
        "type"            :     ["Application", "Video"],
        "description"     :     "A Usenet-Plex integration plugin. Currently only supported on OSX.",
        "repo"            :     "git@github.com:plexinc-plugins/Newsworthy.bundle.git",
        "branch"          :     "master",
        "identifier"      :     "com.plexapp.plugins.newzworthy",
        "icon"            :     "newzworthy-icon.png",
        "hidden"          :     "False",
        "date added"      :     "November 11, 2011",
        "tracking url"    :     "http://bit.ly/YEYUIc"
    },
    {
        "title"           :     "NHL",
        "bundle"          :     "NHL.bundle",
        "type"            :     ["Video"],
        "description"     :     "Requires a subscription to NHL GameCenter\nWatch live out-of-market, regular season games in HD-quality and choose between the home or away team's broadcast.\nWatch on-demand full-length and condensed replays\nWatch classic games from the NHL Vault.",
        "repo"            :     "git@github.com:mikedm139/NHL.bundle.git",
        "branch"          :     "master",
        "identifier"      :     "com.plexapp.plugins.nhl",
        "icon"            :     "nhl-icon.png",
        "hidden"          :     "False",
        "date added"      :     "September 27, 2013",
        "tracking url"    :     "http://bit.ly/18ap0bt"
    },
    {
        "title"           :     "Old Movie Time",
        "bundle"          :     "OldMovieTime.bundle",
        "type"            :     ["Video"],
        "description"     :     "Watch classic movies for free online!\nThe best of the thirties, forties, fifties, and sixties.",
        "repo"            :     "git@github.com:meriko/OldMovieTime.bundle.git",
        "branch"          :     "master",
        "identifier"      :     "com.plexapp.plugins.oldmovietime",
        "icon"            :     "oldmovietime-icon.png",
        "hidden"          :     "False",
        "date added"      :     "March 26, 2014",
        "tracking url"    :     "http://bit.ly/1h67Hte"
    },
    {
        "title"           :     "Open Movie Database",
        "bundle"          :     "OpenMovieDatabase.bundle",
        "type"            :     ["Metadata Agent"],
        "description"     :     "Metadata agent to retrieve film info from the Open Movie Database (English only!)",
        "repo"            :     "git@github.com:haeY/OpenMovieDatabase.bundle.git",
        "branch"          :     "master",
        "identifier"      :     "com.plexapp.agents.unofficialimdbapi",
        "icon"            :     "uimdbama-icon.png",
        "hidden"          :     "False",
        "date added"      :     "May 21, 2012",
        "tracking url"    :     "http://bit.ly/Tx1Ntt"
    },
    {
        "title"           :     "ORF TVThek(AT)",
        "bundle"          :     "ORFTVThek.bundle",
        "type"            :     ["Video"],
        "description"     :     "Sämtliche ORF-Nachrichtensendungen (ZIB bzw. Zeit im Bild), die „Bundesland heute“-Sendungen, und Sendungen aus den Bereichen wie z.B Comedy, Religion, Sport oder Kultur sind über die TVthek abrufbar. Auch Livestreams von vielen Eigenproduktionen und Sport-Events sind verfügbar. Generell sind die Sendungen sieben Tage im Internet abzurufen.",
        "repo"            :     "git@github.com:meriko/ORFTVThek.bundle.git",
        "branch"          :     "master",
        "identifier"      :     "com.plexapp.plugins.orftvthek",
        "icon"            :     "orftvthek-icon.png",
        "hidden"          :     "False",
        "date added"      :     "June 1, 2014",
        "tracking url"    :     "http://bit.ly/RTzhor"
    },
    {
        "title"           :     "Plex2CSV",
        "bundle"          :     "Plex2csv.bundle",
        "type"            :     ["Application"],
        "description"     :     "Will export selected sections into a CSV file",
        "repo"            :     "git@github.com:ukdtom/plex2csv.bundle.git",
        "branch"          :     "master",
        "identifier"      :     "com.plexapp.plugins.Plex2csv",
        "icon"            :     "icon-Plex2csv.png",
        "hidden"          :     "False",
        "date added"      :     "March 21, 2014",
        "tracking url"    :     "http://bit.ly/1djEEI3"
    },
    {
        "title"           :     "Plex Tools",
        "bundle"          :     "PlexTools.bundle",
        "type"            :     ["Video"],
        "description"     :     "Download subtitles and convert videos to MP4",
        "repo"            :     "git@github.com:jwdempsey/PlexTools.bundle.git",
        "branch"          :     "master",
        "identifier"      :     "com.plexapp.plugins.plextools",
        "icon"            :     "plextools-icon.png",
        "hidden"          :     "False",
        "date added"      :     "November 26, 2013",
        "tracking url"    :     "http://bit.ly/196niWR"
    },
    {
        "title"           :     "PLinkTV - Plex Link TV",
        "bundle"          :     "PLinkTV.bundle",
        "type"            :     ["Video"],
        "description"     :     "Build your own VOD service by hosting the media at any cloud service.",
        "repo"            :     "git@github.com:realriot/PLinkTV.bundle.git",
        "branch"          :     "master",
        "identifier"      :     "com.plexapp.plugins.plinktv",
        "icon"            :     "plinktv-icon.png",
        "hidden"          :     "False",
        "date added"      :     "February 21, 2014",
        "tracking url"    :     "http://bit.ly/1fjYhiZ"
    },
    {
        "title"           :     "Podnapisi Subtitles",
        "bundle"          :     "PodnapisiSubtitles.bundle",
        "type"            :     ["Metadata Agent", "Subtitles"],
        "description"     :     "Downloads subtitles automatically from Podnapisi.net",
        "repo"            :     "git@github.com:Coi-l/PodnapisiSubtitles.bundle.git",
        "identifier"      :     "com.plexapp.agents.podnapisi",
        "branch"          :     "master",
        "icon"            :     "podnapisi-icon.png",
        "hidden"          :     "False",
        "date added"      :     "January 31, 2014",
        "tracking url"    :     "http://bit.ly/1a7oCyU"
    },
    {
        "title"           :     "PornHub",
        "bundle"          :     "PornHub.bundle",
        "type"            :     ["Video", "Adult"],
        "description"     :     "Watch XXX-Videos from PornHub.com",
        "repo"            :     "git@github.com:piplongrun/PornHub.bundle.git",
        "branch"          :     "master",
        "identifier"      :     "com.plexapp.plugins.pornhub",
        "icon"            :     "pornhub-icon.png",
        "hidden"          :     "True",
        "date added"      :     "March 22, 2012",
        "tracking url"    :     "http://bit.ly/RCmX7s"
    },
	{
        "title"           :     "rawrANIME.tv",
        "bundle"          :     "rawrANIME.bundle",
        "type"            :     ["Video"],
        "description"     :     "Watch HD subbed and dubbed anime from rawrANIME.tv",
        "repo"            :     "git@github.com:TehCrucible/rawrANIME.bundle.git",
        "branch"          :     "master",
        "identifier"      :     "com.plexapp.plugins.rawranime",
        "icon"            :     "rawranime-icon.png",
        "hidden"          :     "False",
        "date added"      :     "March 21, 2014",
        "tracking url"    :     "http://bit.ly/1jbDmkK"
    },
    {
        "title"           :     "Rdio",
        "bundle"          :     "Rdio.bundle",
        "type"            :     ["Music"],
        "description"     :     "Stream music from Rdio.com",
        "repo"            :     "git@github.com:mikedecaro/Rdio.bundle.git",
        "branch"          :     "master",
        "identifier"      :     "",
        "icon"            :     "rdio-icon.png",
        "hidden"          :     "True",
        "reason_hidden"   :     "available in Channel Directory",
        "date added"      :     "June 28, 2011",
        "tracking url"    :     ""
    },
    {
        "title"           :     "RedTube",
        "bundle"          :     "RedTube.bundle",
        "type"            :     ["Video", "Adult"],
        "description"     :     "Watch XXX-Videos from RedTube.com",
        "repo"            :     "git@github.com:flownex/RedTube.bundle.git",
        "branch"          :     "master",
        "identifier"      :     "com.plexapp.plugins.redtube",
        "icon"            :     "redtube-icon.png",
        "hidden"          :     "False",
        "date added"      :     "February 28, 2012",
        "tracking url"    :     "http://bit.ly/TrKkkc"
    },
    {
        "title"           :     "Rooster Teeth",
        "bundle"          :     "RoosterTeeth.bundle",
        "type"            :     ["Video"],
        "description"     :     "Watch videos from Red vs. Blue, Achievement Hunter, RT Shorts, RWBY, and lots more",
        "repo"            :     "git@github.com:meriko/RoosterTeeth.bundle.git",
        "branch"          :     "master",
        "identifier"      :     "com.plexapp.plugins.roosterteeth",
        "icon"            :     "roosterteeth-icon.png",
        "hidden"          :     "False",
        "date added"      :     "March 08, 2014",
        "tracking url"    :     "http://bit.ly/1nsCCpF"
    },
    {
        "title"           :     "RSS Feeds",
        "bundle"          :     "RSSFeed.bundle",
        "type"            :     ["Video"],
        "description"     :     "Watch your favorite RSS Feeds",
        "repo"            :     "git@github.com:shopgirl284/RSSFeed.bundle.git",
        "branch"          :     "master",
        "identifier"      :     "com.plexapp.plugins.rssfeeds",
        "icon"            :     "rss-feed-icon.png",
        "hidden"          :     "False",
        "date added"      :     "September 14, 2013",
        "tracking url"    :     "http://bit.ly/14UMSfH"
    },
    {
        "title"           :     "SABnzbd+",
        "bundle"          :     "SABnzbd.bundle",
        "type"            :     ["Application"],
        "description"     :     "Manage your SABnzbd+ queue and history from within Plex.",
        "repo"            :     "git@github.com:mikedm139/SABnzbd.bundle.git",
        "branch"          :     "master",
        "identifier"      :     "com.plexapp.plugins.sabnzbd",
        "icon"            :     "sabnzbd-icon.png",
        "hidden"          :     "False",
        "date added"      :     "April 9, 2011",
        "tracking url"    :     "http://bit.ly/VLIyKB"
    },
    {
        "title"           :     "SBS (AU)",
        "bundle"          :     "SBS.bundle",
        "type"            :     ["Video"],
        "description"     :     "View Australian TV SBS on demand ",
        "repo"            :     "https://github.com/adamrumbold/SBS.bundle.git",
        "branch"          :     "master",
        "identifier"      :     "com.plexapp.plugins.sbs",
        "icon"            :     "sbs.png",
        "hidden"          :     "False",
        "date added"      :     "May 5, 2013",
        "tracking url"    :     "http://bit.ly/12Guohc"
    },
    {
        "title"           :     "SickBeard",
        "bundle"          :     "SickBeard.bundle",
        "type"            :     ["Application"],
        "description"     :     "A plugin for Plex media center to view and control basic functions of SickBeard",
        "repo"            :     "git@github.com:mikedm139/SickBeard.bundle.git",
        "branch"          :     "master",
        "identifier"      :     "com.plexapp.plugins.sickbeard",
        "icon"            :     "sickbeard-icon.png",
        "hidden"          :     "False",
        "date added"      :     "April 9, 2011",
        "tracking url"    :     "http://bit.ly/UsZJzI"
    },
    {
        "title"           :     "SMI Convert",
        "bundle"          :     "SmiConvert.bundle",
        "type"            :     ["Agent"],
        "description"     :     "A agent to convert subtitles in SMI format to SRT format",
        "repo"            :     "git@github.com:hojel/SmiConvert.bundle.git",
        "branch"          :     "master",
        "identifier"      :     "com.plexapp.agents.smiconvert",
        "icon"            :     "smiconvert-icon.png",
        "hidden"          :     "False",
        "date added"      :     "May 24, 2014",
        "tracking url"    :     "http://bit.ly/T2b80c"
    },
    {
        "title"           :     "SmugMug",
        "bundle"          :     "SmugMug.bundle",
        "type"            :     ["Pictures"],
        "description"     :     "Photo Galleries from SmugMug",
        "repo"            :     "git@github.com:datvance/SmugMug.bundle.git",
        "branch"          :     "master",
        "identifier"      :     "com.plexapp.plugins.smugmug",
        "icon"            :     "smugmug-icon.png",
        "hidden"          :     "True",
        "reason_hidden"   :     "'official' version available elsewhere",
        "date added"      :     "February 3, 2014",
        "tracking url"    :     ""
    },
    {
        "title"           :     "Soma FM",
        "bundle"          :     "SomaFM.bundle",
        "type"            :     ["Video"],
        "description"     :     "Over 20 unique channels of listener-supported, commercial-free, underground/alternative radio broadcasting from San Francisco. All music hand-picked by SomaFM's award-winning DJs and music directors.",
        "repo"            :     "git@github.com:meriko/SomaFM.bundle.git",
        "branch"          :     "master",
        "identifier"      :     "com.plexapp.plugins.somafm",
        "icon"            :     "somafm-icon.png",
        "hidden"          :     "False",
        "date added"      :     "June 1, 2014",
        "tracking url"    :     "http://bit.ly/1n0kBiJ"
    },
    {
        "title"           :     "Spotify2",
        "bundle"          :     "Spotify2.bundle",
        "type"            :     ["Music"],
        "description"     :     "Stream music from Spotify (node.js + premium account required)",
        "repo"            :     "git@github.com:fuzeman/Spotify2.bundle.git",
        "branch"          :     "master",
        "identifier"      :     "com.plexapp.plugins.spotify2",
        "icon"            :     "spotify2-icon.png",
        "hidden"          :     "False",
        "date added"      :     "April 19, 2014",
        "tracking url"    :     "http://bit.ly/1i3A6kd"
    },
    {
        "title"           :     "Srt2Utf-8",
        "bundle"          :     "SRT2UTF-8.bundle",
        "type"            :     ["Agent"],
        "description"     :     "Plex Media Agent, that'll convert sidecar subtitle files into UTF-8, if not",
        "repo"            :     "git@github.com:ukdtom/SRT2UTF-8.bundle.git",
        "branch"          :     "master",
        "identifier"      :     "com.plexapp.agents.srt2utf8",
        "icon"            :     "srt2utf-8.png",
        "hidden"          :     "False",
        "date added"      :     "January 15, 2014",
        "tracking url"    :     "http://bit.ly/1dLYgAY"
    },
    {
        "title"           :     "SS Plex",
        "bundle"          :     "ss-plex.bundle",
        "type"            :     ["Video"],
        "description"     :     "Watch Movies and TV Shows from Icefilms, Watch Series, 1channel and more.",
        "repo"            :     "git@github.com:mikew/ss-plex.bundle.git",
        "branch"          :     "stable",
        "identifier"      :     "com.plexapp.plugins.wso",
        "icon"            :     "ss-plex.png",
        "hidden"          :     "False",
        "date added"      :     "October 11, 2012",
        "tracking url"    :     "http://bit.ly/UksVwo"
    },
    {
        "title"           :     "Sveriges Radio Play (SE)",
        "bundle"          :     "SRPlay.bundle",
        "type"            :     ["Video"],
        "description"     :     "Listen to all of Swedish Radio's content. All channels are available live and all shows on demand. You can also download podcasts and listen offline.",
        "repo"            :     "git@github.com:meriko/SRPlay.bundle.git",
        "branch"          :     "master",
        "identifier"      :     "com.plexapp.plugins.sverigesradioplay",
        "icon"            :     "sverigesradioplay-icon.png",
        "hidden"          :     "False",
        "date added"      :     "August 10, 2014",
        "tracking url"    :     "http://bit.ly/1sreEQT"
    },
    {
        "title"           :     "Sweflix",
        "bundle"          :     "Sweflix.bundle",
        "type"            :     ["Video"],
        "description"     :     "Watch movies from Sweflix.com",
        "repo"            :     "git@github.com:piplongrun/Sweflix.bundle.git",
        "branch"          :     "master",
        "identifier"      :     "com.plexapp.plugins.sweflix",
        "icon"            :     "sweflix-icon.jpg",
        "hidden"          :     "True",
        "date added"      :     "February 20, 2014",
        "tracking url"    :     "http://bit.ly/1dgzyX3"
    },
    {
        "title"           :     "TheMovieClips plugin",
        "bundle"          :     "TheMovieClips.bundle",
        "type"            :     ["Video"],
        "description"     :     "Watch trailers and clips from TheMovieClips.com",
        "repo"            :     "git@github.com:razor2611/TheMovieClips.bundle.git",
        "branch"          :     "master",
        "identifier"      :     "com.plexapp.plugins.tmc",
        "icon"            :     "tmc-icon.png",
        "hidden"          :     "False",
        "date added"      :     "August 22, 2014",
        "tracking url"    :     "http://bit.ly/1sgqIkh"
    },
    {
        "title"           :     "Trakt.tv plugin",
        "bundle"          :     "trakttv.bundle",
        "type"            :     ["Application"],
        "description"     :     "Automatically scrobble all TV episodes and movies you are watching to trakt.tv!",
        "repo"            :     "git@github.com:trakt/Plex-Trakt-Scrobbler.git",
        "branch"          :     "master",
        "identifier"      :     "com.plexapp.plugins.trakttv",
        "icon"            :     "trakttv-icon.png",
        "hidden"          :     "False",
        "date added"      :     "November 16, 2012",
        "tracking url"    :     "http://bit.ly/18vC90y"
    },
    {
        "title"           :     "TV-Headend NG",
        "bundle"          :     "tvheadend-ng.bundle",
        "type"            :     ["Video"],
        "description"     :     "Watch TV on your plex devices. Provided by a TV-Headend server.",
        "repo"            :     "git@github.com:realriot/tvheadend-ng.bundle",
        "branch"          :     "master",
        "identifier"      :     "com.plexapp.plugins.tvheadend-ng",
        "icon"            :     "tvheadend-ng-icon.png",
        "hidden"          :     "False",
        "date added"      :     "April 29, 2014",
        "tracking url"    :     "http://bit.ly/1i9VQ2E"
    },
    {
        "title"           :     "Unofficial IMDb API",
        "bundle"          :     "Unofficial-IMDb-API.bundle",
        "type"            :     ["Metadata Agent"],
        "description"     :     "Has Been replaced by the Open Movie Database agent, please install that to receive future updates.",
        "repo"            :     "git@github.com:haeY/Unofficial-IMDb-API.bundle.git",
        "branch"          :     "master",
        "identifier"      :     "com.plexapp.agents.unofficialimdbapi",
        "icon"            :     "uimdbama-icon.png",
        "hidden"          :     "True",
        "reason_hidden"   :     "renamed 'Open Movie Database'",
        "date added"      :     "May 21, 2012",
        "tracking url"    :     ""
    },
    {
        "title"           :     "unRAID",
        "bundle"          :     "unRAID.bundle",
        "type"            :     ["Application"],
        "description"     :     "Plex Media Server plugin to control basic functions of an unRAID server. ",
        "repo"            :     "git@github.com:mikedm139/unRAID.bundle.git",
        "branch"          :     "master",
        "identifier"      :     "com.plexapp.plugins.unraid",
        "icon"            :     "unraid-icon.png",
        "hidden"          :     "True",
        "reason_hidden"   :     "no longer supported",
        "date added"      :     "April 9, 2011",
        "tracking url"    :     "http://bit.ly/xe8NDM"
    },
    {
        "title"           :     "UnSupported Appstore",
        "bundle"          :     "UnSupportedAppstore.bundle",
        "type"            :     ["Application"],
        "description"     :     "Download, install, and update unsupported plugins for PMS",
        "repo"            :     "git@github.com:mikedm139/UnSupportedAppstore.bundle.git",
        "branch"          :     "master",
        "identifier"      :     "com.plexapp.plugins.unsupportedappstore",
        "icon"            :     "icon-default.png",
        "hidden"          :     "False",
        "date added"      :     "April 9, 2011",
        "tracking url"    :     ""
    },
    {
        "title"           :     "UR Play(SE)",
        "bundle"          :     "URPlay.bundle",
        "type"            :     ["Video"],
        "description"     :     "UR Play är Sveriges mest kunskapsspäckade Playtjänst med mer än 2500 program om allt från historia till matematik och språk.",
        "repo"            :     "git@github.com:meriko/URPlay.bundle.git",
        "branch"          :     "master",
        "identifier"      :     "com.plexapp.plugins.urplay",
        "icon"            :     "urplay-icon.png",
        "hidden"          :     "False",
        "date added"      :     "June 1, 2014",
        "tracking url"    :     "http://bit.ly/1nFxWAJ"
    },
    {
        "title"           :     "USTVnow",
        "bundle"          :     "USTVnow.bundle",
        "type"            :     ["Video"],
        "description"     :     "Watch Live TV from ustvnow.com",
        "repo"            :     "git@github.com:jwdempsey/USTVnow.bundle.git",
        "branch"          :     "master",
        "identifier"      :     "com.plexapp.plugins.ustvnow",
        "icon"            :     "ustvnow-icon.png",
        "hidden"          :     "False",
        "date added"      :     "November 26, 2013",
        "tracking url"    :     "http://bit.ly/1c9977Z"
    },
    {
        "title"           :     "Viaplay",
        "bundle"          :     "Viaplay.bundle",
        "type"            :     ["Video"],
        "description"     :     "Watch TV, Movies and Sports from Viaplay",
        "repo"            :     "git@github.com:JeppeTh/Viaplay.bundle.git",
        "branch"          :     "master",
        "identifier"      :     "com.plexapp.plugins.viaplay",
        "icon"            :     "viaplay-icon.jpg",
        "hidden"          :     "False",
        "date added"      :     "March 22, 2014",
        "tracking url"    :     "http://bit.ly/1jh2sP9"
    },
    {
        "title"           :     "Vice",
        "bundle"          :     "Vice.bundle",
        "type"            :     ["Video"],
        "description"     :     "Online den of nefarious activities, investigative journalism, and enlightening documentaries. (US version)",
        "repo"            :     "git@github.com:meriko/Vice.bundle.git",
        "branch"          :     "master",
        "identifier"      :     "com.plexapp.plugins.vice",
        "icon"            :     "vice-icon.png",
        "hidden"          :     "False",
        "date added"      :     "March 08, 2014",
        "tracking url"    :     "http://bit.ly/1lIRe5X"
    },
    {
        "title"           :     "VH1",
        "bundle"          :     "VH1.bundle",
        "type"            :     ["Video"],
        "description"     :     "Watch shows from www.vh1.com",
        "repo"            :     "git@github.com:shopgirl284/VH1.bundle.git",
        "branch"          :     "master",
        "identifier"      :     "com.plexapp.plugins.vh1",
        "icon"            :     "vh1-icon.png",
        "hidden"          :     "False",
        "date added"      :     "November 04, 2013",
        "tracking url"    :     "http://bit.ly/18DJcRj"
    },
    {
        "title"           :     "VKontakte",
        "bundle"          :     "VKontakte.bundle",
        "type"            :     ["Video","Music"],
        "description"     :     "Video and Music from russian social network VK.com",
        "repo"            :     "git@github.com:kolsys/VKontakte.bundle.git",
        "branch"          :     "master",
        "identifier"      :     "com.plexapp.plugins.vkontakte",
        "icon"            :     "vkontakte-icon.png",
        "hidden"          :     "False",
        "date added"      :     "August 24, 2014",
        "tracking url"    :     "http://bit.ly/1rtqZV2"
    },
    {
        "title"           :     "Wareztuga",
        "bundle"          :     "Wareztuga.bundle",
        "type"            :     ["Video"],
        "description"     :     "Watch movies hosted on Wareztuga.tv",
        "repo"            :     "git@github.com:galrito/Wareztuga.bundle.git",
        "branch"          :     "master",
        "identifier"      :     "com.plexapp.plugins.wareztuga",
        "icon"            :     "wareztuga-icon.png",
        "hidden"          :     "False",
        "date added"      :     "July 01, 2014",
        "tracking url"    :     "http://bit.ly/1r0rLFA"
    },
    {
        "title"           :     "Webisodes",
        "bundle"          :     "Webisodes.bundle",
        "type"            :     ["Video"],
        "description"     :     "Watch your favorite web series from Yahoo Screens, BlipTV, Vimeo, YouTube, as well as RSS Feeds",
        "repo"            :     "git@github.com:shopgirl284/Webisodes.bundle.git",
        "branch"          :     "master",
        "identifier"      :     "com.plexapp.plugins.webisodes",
        "icon"            :     "webisodes-icon.png",
        "hidden"          :     "False",
        "date added"      :     "September 14, 2013",
        "tracking url"    :     "http://bit.ly/17WUG4H"
    },
    {
        "title"           :     "WorldTV",
        "bundle"          :     "WorldTV.bundle",
        "type"            :     ["Video"],
        "description"     :     "Watch live network streams from all over the world provided by WorldTVsite.net",
        "repo"            :     "git@github.com:mikedm139/WorldTV.bundle.git",
        "branch"          :     "master",
        "identifier"      :     "com.plexapp.plugins.worldtv",
        "icon"            :     "worldtv-icon.png",
        "hidden"          :     "True",
        "reason_hidden"   :     "no longer supported",
        "date added"      :     "September 23, 2011",
        "tracking url"    :     ""
    },
    {
        "title"           :     "XBMCnfoMoviesImporter",
        "bundle"          :     "XBMCnfoMoviesImporter.bundle",
        "type"            :     ["Agent"],
        "description"     :     "Import Movies information from locally exported XBMC database.",
        "repo"            :     "git@github.com:gboudreau/XBMCnfoMoviesImporter.bundle.git",
        "branch"          :     "master",
        "identifier"      :     "com.plexapp.agents.xbmcnfo",
        "icon"            :     "xbmcnfomoviesimporter-icon.png",
        "hidden"          :     "False",
        "date added"      :     "February 07, 2014",
        "tracking url"    :     "http://bit.ly/1dzQh6K"
    },
    {
        "title"           :     "XBMCnfoTVImporter",
        "bundle"          :     "XBMCnfoTVImporter.bundle",
        "type"            :     ["Agent"],
        "description"     :     "Import TVShow information from locally exported XBMC database.",
        "repo"            :     "git@github.com:gboudreau/XBMCnfoTVImporter.bundle.git",
        "branch"          :     "master",
        "identifier"      :     "com.plexapp.agents.xbmcnfotv",
        "icon"            :     "xbmcnfotvimporter-icon.png",
        "hidden"          :     "False",
        "date added"      :     "February 07, 2014",
        "tracking url"    :     "http://bit.ly/1lQR11v"
    },
    {
        "title"           :     "xiami",
        "bundle"          :     "xiami.bundle",
        "type"            :     ["Music"],
        "description"     :     "Stream music from xiami.com",
        "repo"            :     "git@github.com:hojel/xiami.bundle.git",
        "branch"          :     "master",
        "identifier"      :     "com.plexapp.plugins.xiami",
        "icon"            :     "xiami-icon.png",
        "hidden"          :     "False",
        "date added"      :     "May 23, 2014",
        "tracking url"    :     "http://bit.ly/U42tel"
    },
    {
        "title"           :     "xHamster",
        "bundle"          :     "xHamster.bundle",
        "type"            :     ["Video", "Adult"],
        "description"     :     "Watch XXX-Videos from xHamster.com",
        "repo"            :     "git@github.com:flownex/xHamster.bundle.git",
        "branch"          :     "master",
        "identifier"      :     "com.plexapp.plugins.xhamster",
        "icon"            :     "xhamster-icon.png",
        "hidden"          :     "False",
        "date added"      :     "April 27, 2011",
        "tracking url"    :     "http://bit.ly/PvWLxl"
    },
    {
        "title"           :     "xkcd",
        "bundle"          :     "xkcd.bundle",
        "type"            :     ["Pictures"],
        "description"     :     "Strips from xkcd website",
        "repo"            :     "git@github.com:sengian/xkcd.bundle.git",
        "branch"          :     "master",
        "identifier"      :     "com.plexapp.plugins.xkcd",
        "icon"            :     "xkcd-icon.png",
        "hidden"          :     "False",
        "date added"      :     "March 24, 2014",
        "tracking url"    :     "http://bit.ly/1h67pCP"
    },
    {
        "title"           :     "XNXX",
        "bundle"          :     "XNXX.bundle",
        "type"            :     ["Video", "Adult"],
        "description"     :     "Watch XXX-Videos from XNXX.COM",
        "repo"            :     "git@github.com:flownex/XNXX.bundle.git",
        "branch"          :     "master",
        "identifier"      :     "com.plexapp.plugins.xnxx",
        "icon"            :     "xnxx-icon.png",
        "hidden"          :     "False",
        "date added"      :     "April 23, 2011",
        "tracking url"    :     "http://bit.ly/YF0CcD"
    },
    {
        "title"           :     "Yify",
        "bundle"          :     "Yify.bundle",
        "type"            :     ["Video"],
        "description"     :     "Watch full movies from Yify TV",
        "repo"            :     "git@github.com:piplongrun/Yify.bundle.git",
        "branch"          :     "master",
        "identifier"      :     "com.plexapp.plugins.yify",
        "icon"            :     "yify-icon.jpg",
        "hidden"          :     "True",
        "date added"      :     "February 2, 2014",
        "tracking url"    :     "http://bit.ly/LsQOR8"
    },
    {
        "title"           :     "YouJizz",
        "bundle"          :     "YouJizz.bundle",
        "type"            :     ["Video", "Adult"],
        "description"     :     "Watch XXX-Videos from YouJizz.com",
        "repo"            :     "git@github.com:flownex/YouJizz.bundle.git",
        "branch"          :     "master",
        "identifier"      :     "com.plexapp.plugins.youjizz",
        "icon"            :     "youjizz-icon.png",
        "hidden"          :     "False",
        "date added"      :     "April 19, 2011",
        "tracking url"    :     "http://bit.ly/R5uN9R"
    },
    {
        "title"           :     "YouPorn",
        "bundle"          :     "YouPorn.bundle",
        "type"            :     ["Video", "Adult"],
        "description"     :     "Watch XXX-Videos from YouPorn.com",
        "repo"            :     "git@github.com:Gerk/YouPorn.bundle.git",
        "branch"          :     "master",
        "identifier"      :     "com.plexapp.plugins.youporn",
        "icon"            :     "youporn-icon.png",
        "hidden"          :     "False",
        "date added"      :     "March 22, 2012",
        "tracking url"    :     "http://bit.ly/Xbs97u"
    },
    {
        "title"           :     "FindUnmatched - Duplicate Entry",
        "bundle"          :     "Plex-FindUnmatched.bundle",
        "type"            :     ["Application"],
        "description"     :     "Scan your medias, and report medias missing from the database.",
        "repo"            :     "git@github.com:ukdtom/Plex-FindUnmatched.bundle.git",
        "branch"          :     "master",
        "identifier"      :     "com.plexapp.plugins.findUnmatch",
        "icon"            :     "icon-FindUnmatched.png",
        "hidden"          :     "True",
        "reason_hidden"   :     "duplicate entry... should not have been pushed in the first place :-/",
        "date added"      :     "December 9, 2013",
        "tracking url"    :     ""
    }]
